id,title,description,release_year,age_certification,runtime,genres,production_country,seasons
1032233238396928,"I Went to Your Wedding","The Apollotech B340 is an affordable wireless mouse with reliable connectivity, 12 months battery life and modern design","7250 BC","TV-14",138,"Comedy film","MAR",15
4529352838479872,"Hair","New range of formal shirts are designed keeping you in mind. With fits and styling that will make you stand apart","1663 AD","G",140,"Musical film,Action film,Drama,Fantasy film","MAC",10
2304628572028928,"Frenesi","Andy shoes are designed to keeping in mind durability as well as trends, the most stylish range of shoes & sandals","3372 BC","T",123,"Science fiction film,Animated film","STP",3
3284045471416320,"(You're My) Soul & Inspiration","Boston's most advanced compression wear technology increases muscle oxygenation, stabilizes active muscles","1192 AD","TV-14",98,"Noir film,Musical film,Adventure film","CYM",12
290643398098944,"Don't Fence Me In","Boston's most advanced compression wear technology increases muscle oxygenation, stabilizes active muscles","3308 BC","TV-MA",181,"Drama","FRA",28
7364260415930368,"Whoomp! (There it Is)","Boston's most advanced compression wear technology increases muscle oxygenation, stabilizes active muscles","7168 BC","TV-MA",221,"Drama","LBN",29
7833124654284800,"Come On Eileen","The Apollotech B340 is an affordable wireless mouse with reliable connectivity, 12 months battery life and modern design","7862 BC","TV-14",157,"Thriller film,Noir film,Action film","JOR",3
2275857196384256,"Sweet Child O' Mine","Ergonomic executive chair upholstered in bonded black leather and PVC padded seat and back for all-day comfort and support","85 BC","12A",64,"Science fiction film","LBY",26
6802052424400896,"Brand New Key","The beautiful range of Apple Naturalé that has an exciting mix of natural ingredients. With the Goodness of 100% Natural Ingredients","1537 BC","S",149,"Thriller film,Romance film","IRL",2
3468598880239616,"Hang On Sloopy","The beautiful range of Apple Naturalé that has an exciting mix of natural ingredients. With the Goodness of 100% Natural Ingredients","6465 BC","TV-G",133,"Romance film","AUT",33
1000149987885056,"Papa Don't Preach","Ergonomic executive chair upholstered in bonded black leather and PVC padded seat and back for all-day comfort and support","1616 BC","AL",152,"Science fiction film","SVN",24
7078682564755456,"No Scrubs","New ABC 13 9370, 13.3, 5th Gen CoreA5-8250U, 8GB RAM, 256GB SSD, power UHD Graphics, OS 10 Home, OS Office A & J 2016","1242 AD","18",143,"Noir film","SWZ",7
8804785727733760,"Do You Love Me?","The Nagasaki Lander is the trademarked name of several series of Nagasaki sport bikes, that started with the 1984 ABC800J","652 BC","9",99,"Action film,Adventure film","GNB",18
5110475494785024,"Colors of the Wind","The slim & simple Maple Gaming Keyboard from Dev Byte comes with a sleek body and 7- Color RGB LED Back-lighting for smart functionality","461 BC","AL",203,"Thriller film,Science fiction film,Fantasy film","OMN",25
361268686880768,"Endless Love","New ABC 13 9370, 13.3, 5th Gen CoreA5-8250U, 8GB RAM, 256GB SSD, power UHD Graphics, OS 10 Home, OS Office A & J 2016","1353 AD","6",50,"Action film,Musical film,Fantasy film,Drama","FLK",25
235212564856832,"Stop! in the Name of Love","Carbonite web goalkeeper gloves are ergonomically designed to give easy fit","1608 BC","C",204,"Fantasy film,Noir film","COL",27
5076630250717184,"Ring of Fire","The Apollotech B340 is an affordable wireless mouse with reliable connectivity, 12 months battery life and modern design","1526 AD","TV-Y",82,"Romance film","SEN",33
8068193950105600,"Under the Boardwalk","New range of formal shirts are designed keeping you in mind. With fits and styling that will make you stand apart","380 AD","U/A",102,"Science fiction film,Noir film","UMI",31
8955011685941248,"Check On It","New ABC 13 9370, 13.3, 5th Gen CoreA5-8250U, 8GB RAM, 256GB SSD, power UHD Graphics, OS 10 Home, OS Office A & J 2016","2885 BC","9",220,"Musical film","IOT",29
8624037064343552,"If (They Made Me a King)","Andy shoes are designed to keeping in mind durability as well as trends, the most stylish range of shoes & sandals","5515 BC","M",154,"Drama,Musical film","CHE",8
6455530463690752,"Silly Love Songs","The beautiful range of Apple Naturalé that has an exciting mix of natural ingredients. With the Goodness of 100% Natural Ingredients","323 AD","U/A",37,"Western,Animated film,Comedy film,Action film","SGS",3
8237551005466624,"St George & the Dragonette","The slim & simple Maple Gaming Keyboard from Dev Byte comes with a sleek body and 7- Color RGB LED Back-lighting for smart functionality","5699 BC","TV-Y",115,"Comedy film,Historical film,Thriller film,Horror film","KEN",17
1577539734601728,"Let Me Call You Sweetheart","The Nagasaki Lander is the trademarked name of several series of Nagasaki sport bikes, that started with the 1984 ABC800J","431 AD","12A",72,"Musical film,Adventure film","VEN",22
7903873366753280,"Private Eyes","New range of formal shirts are designed keeping you in mind. With fits and styling that will make you stand apart","5495 BC","NC-17",78,"Romance film,Noir film,Western,Horror film","VIR",29
5928493135167488,"Surfin' USA","Boston's most advanced compression wear technology increases muscle oxygenation, stabilizes active muscles","3577 BC","TV-PG",177,"Adventure film,Animated film,Comedy film,Action film","IMN",24
5740629493547008,"Wind Beneath My Wings","Ergonomic executive chair upholstered in bonded black leather and PVC padded seat and back for all-day comfort and support","6045 BC","T",88,"Animated film,Action film,Musical film","GLP",32
1581861352505344,"Sexyback","Boston's most advanced compression wear technology increases muscle oxygenation, stabilizes active muscles","2212 BC","R21",53,"Drama,Action film,Horror film","BGD",4
5253736242872320,"Blue Tango","Carbonite web goalkeeper gloves are ergonomically designed to give easy fit","7313 BC","AL",87,"Action film,Romance film,Science fiction film","MNG",23
6017420248481792,"The Hustle","Carbonite web goalkeeper gloves are ergonomically designed to give easy fit","943 AD","S",133,"Romance film,Western,Science fiction film","SYC",2
6503390727110656,"Sailing","The Football Is Good For Training And Recreational Purposes","3860 BC","TV-PG",136,"Romance film,Historical film,Science fiction film,Fantasy film","MHL",23
8738296303714304,"Whip It","The Nagasaki Lander is the trademarked name of several series of Nagasaki sport bikes, that started with the 1984 ABC800J","1417 AD","TV-PG",146,"Action film,Horror film,Western","MYS",2
2017564051898368,"Da Doo Ron Ron (When He Walked Me Home)","The Football Is Good For Training And Recreational Purposes","4977 BC","12A",54,"Musical film","TON",4
5074797318897664,"Revolution","The Nagasaki Lander is the trademarked name of several series of Nagasaki sport bikes, that started with the 1984 ABC800J","953 AD","TV-PG",203,"Romance film,Noir film,Drama","ECU",29
4032019273089024,"A String of Pearls","New ABC 13 9370, 13.3, 5th Gen CoreA5-8250U, 8GB RAM, 256GB SSD, power UHD Graphics, OS 10 Home, OS Office A & J 2016","2266 BC","TV-PG",81,"Noir film,Horror film,Thriller film,Western","CXR",18
4020835023060992,"Sugar Sugar","Boston's most advanced compression wear technology increases muscle oxygenation, stabilizes active muscles","4730 BC","R18+",124,"Historical film,Horror film,Comedy film,Romance film","NZL",5
4887532019908608,"Born to Be Wild","Carbonite web goalkeeper gloves are ergonomically designed to give easy fit","458 AD","TV-14",139,"Fantasy film","ARE",19
2967493903646720,"Something","New range of formal shirts are designed keeping you in mind. With fits and styling that will make you stand apart","7912 BC","18",64,"Noir film,Science fiction film,Musical film","BGR",7
4174344567652352,"Band of Gold","Ergonomic executive chair upholstered in bonded black leather and PVC padded seat and back for all-day comfort and support","859 BC","T",98,"Historical film","GGY",16
3920066164817920,"Queen of Hearts","New range of formal shirts are designed keeping you in mind. With fits and styling that will make you stand apart","7383 BC","R18",147,"Musical film","PLW",23
1003106915581952,"A Whole New World (Aladdin's Theme)","The slim & simple Maple Gaming Keyboard from Dev Byte comes with a sleek body and 7- Color RGB LED Back-lighting for smart functionality","5285 BC","NC-17",87,"Western,Science fiction film","AND",21
211743850627072,"I Gotta Feeling","New ABC 13 9370, 13.3, 5th Gen CoreA5-8250U, 8GB RAM, 256GB SSD, power UHD Graphics, OS 10 Home, OS Office A & J 2016","2208 BC","18R",150,"Fantasy film,Noir film,Animated film","EST",30
4378560762478592,"I Can't Stop Loving You","The Nagasaki Lander is the trademarked name of several series of Nagasaki sport bikes, that started with the 1984 ABC800J","1898 BC","R18",201,"Historical film,Romance film,Animated film","YEM",12
826417080172544,"Stormy Weather (Keeps Rainin' All the Time)","The beautiful range of Apple Naturalé that has an exciting mix of natural ingredients. With the Goodness of 100% Natural Ingredients","546 BC","M",84,"Horror film,Thriller film,Adventure film","TKM",32
2572121884590080,"Dilemma","New ABC 13 9370, 13.3, 5th Gen CoreA5-8250U, 8GB RAM, 256GB SSD, power UHD Graphics, OS 10 Home, OS Office A & J 2016","4357 BC","U/A",126,"Drama","HMD",31
7002538456907776,"Like a Prayer","Andy shoes are designed to keeping in mind durability as well as trends, the most stylish range of shoes & sandals","341 BC","R16",168,"Animated film","MHL",13
8355635563331584,"The Glow-Worm","The Apollotech B340 is an affordable wireless mouse with reliable connectivity, 12 months battery life and modern design","394 AD","AL",84,"Drama,Musical film,Adventure film,Action film","ESH",6
3100271118909440,"That Old Black Magic","The slim & simple Maple Gaming Keyboard from Dev Byte comes with a sleek body and 7- Color RGB LED Back-lighting for smart functionality","4371 BC","12A",128,"Action film,Fantasy film","THA",31
688438464479232,"Johnny B Goode","The Nagasaki Lander is the trademarked name of several series of Nagasaki sport bikes, that started with the 1984 ABC800J","4322 BC","TV-MA",210,"Romance film,Drama,Adventure film","WLF",26
2056800115359744,"I Can't Help Myself (Sugar Pie","Ergonomic executive chair upholstered in bonded black leather and PVC padded seat and back for all-day comfort and support","1188 BC","9",83,"Noir film,Historical film","BRN",15
6401594086129664,"Brother Louie","Ergonomic executive chair upholstered in bonded black leather and PVC padded seat and back for all-day comfort and support","1916 AD","GP",77,"Historical film,Comedy film,Musical film","OMN",23
5277172455440384,"How High the Moon","The beautiful range of Apple Naturalé that has an exciting mix of natural ingredients. With the Goodness of 100% Natural Ingredients","1550 AD","M/PG",70,"Thriller film,Animated film,Noir film,Musical film","CXR",20
8967336994275328,"Winchester Cathedral","Andy shoes are designed to keeping in mind durability as well as trends, the most stylish range of shoes & sandals","5901 BC","EC",116,"Historical film","IRN",26
774415457452032,"Tammy","New range of formal shirts are designed keeping you in mind. With fits and styling that will make you stand apart","1003 AD","E10+",200,"Horror film,Thriller film,Animated film,Romance film","AUT",32
2780682218635264,"Touch Me","The Apollotech B340 is an affordable wireless mouse with reliable connectivity, 12 months battery life and modern design","401 BC","PG-13",39,"Thriller film","RUS",27
6325342828494848,"You Ain't Seen Nothin' Yet","Ergonomic executive chair upholstered in bonded black leather and PVC padded seat and back for all-day comfort and support","2542 BC","CA",130,"Historical film,Thriller film,Animated film,Noir film","JEY",5
1852905770450944,"In the Summertime","Boston's most advanced compression wear technology increases muscle oxygenation, stabilizes active muscles","2930 BC","PG-13",85,"Fantasy film","BFA",20
55196908519424,"She Drives Me Crazy","New range of formal shirts are designed keeping you in mind. With fits and styling that will make you stand apart","1687 AD","MA15+",177,"Horror film","MTQ",9
439333626576896,"Red Red Wine","New range of formal shirts are designed keeping you in mind. With fits and styling that will make you stand apart","267 BC","CA",181,"Fantasy film,Comedy film,Adventure film,Noir film","LTU",20
2079736473845760,"Everybody Wants to Rule the World","The automobile layout consists of a front-engine design, with transaxle-type transmissions mounted at the rear of the engine and four wheel drive","2416 BC","S",158,"Comedy film","NPL",11
1779289619955712,"Kiss On My List","New ABC 13 9370, 13.3, 5th Gen CoreA5-8250U, 8GB RAM, 256GB SSD, power UHD Graphics, OS 10 Home, OS Office A & J 2016","103 AD","TV-G",79,"Historical film,Noir film,Drama","JAM",1
641486672625664,"Walk This Way","Ergonomic executive chair upholstered in bonded black leather and PVC padded seat and back for all-day comfort and support","7758 BC","CA",139,"Romance film","GEO",14
5689534448664576,"Fast Car","New ABC 13 9370, 13.3, 5th Gen CoreA5-8250U, 8GB RAM, 256GB SSD, power UHD Graphics, OS 10 Home, OS Office A & J 2016","7318 BC","E10+",185,"Adventure film,Historical film,Action film,Romance film","MNP",2
6575559398129664,"Without Me","Andy shoes are designed to keeping in mind durability as well as trends, the most stylish range of shoes & sandals","4786 BC","A",32,"Comedy film,Noir film,Science fiction film","REU",16
3920924625600512,"Paper Doll","The automobile layout consists of a front-engine design, with transaxle-type transmissions mounted at the rear of the engine and four wheel drive","1692 BC","6",91,"Comedy film","COD",10
7834391625596928,"Have You Ever Really Loved a Woman?","The slim & simple Maple Gaming Keyboard from Dev Byte comes with a sleek body and 7- Color RGB LED Back-lighting for smart functionality","647 AD","TV-G",48,"Historical film,Musical film,Action film","ROU",5
6365797224022016,"Sh-Boom (Life Could Be a Dream)","The Nagasaki Lander is the trademarked name of several series of Nagasaki sport bikes, that started with the 1984 ABC800J","448 AD","AL",211,"Drama,Historical film","NIU",14
4440538403045376,"In Da Club","The automobile layout consists of a front-engine design, with transaxle-type transmissions mounted at the rear of the engine and four wheel drive","732 AD","R16",95,"Action film","BWA",14
2391105148551168,"Pop Muzik","Boston's most advanced compression wear technology increases muscle oxygenation, stabilizes active muscles","1535 BC","R",217,"Drama","ITA",24
5342230074097664,"Strangers in the Night","The Football Is Good For Training And Recreational Purposes","1956 AD","C",180,"Western,Noir film","BLM",2
1699342559739904,"Everybody Wants to Rule the World","Carbonite web goalkeeper gloves are ergonomically designed to give easy fit","5375 BC","NC-17",94,"Comedy film,Drama,Western","AZE",22
5063595371003904,"The Way We Were","New range of formal shirts are designed keeping you in mind. With fits and styling that will make you stand apart","2901 BC","12",219,"Musical film,Noir film,Fantasy film,Romance film","ISR",22
4634223486959616,"On the Atchison","Andy shoes are designed to keeping in mind durability as well as trends, the most stylish range of shoes & sandals","977 AD","S",209,"Thriller film,Western,Noir film,Historical film","IRL",24
8437177002229760,"Ticket to Ride","The Apollotech B340 is an affordable wireless mouse with reliable connectivity, 12 months battery life and modern design","1861 BC","R",72,"Animated film,Fantasy film","HUN",32
1477561190187008,"Time After Time","Andy shoes are designed to keeping in mind durability as well as trends, the most stylish range of shoes & sandals","1500 BC","PG-13",82,"Noir film","TCA",23
8507977849896960,"Hey There Delilah","Ergonomic executive chair upholstered in bonded black leather and PVC padded seat and back for all-day comfort and support","1501 AD","G",204,"Adventure film,Thriller film,Comedy film","NIC",3
4547144216215552,"Sleepy Lagoon","Ergonomic executive chair upholstered in bonded black leather and PVC padded seat and back for all-day comfort and support","7671 BC","T",180,"Action film,Comedy film","CHE",17
5395024818733056,"Celebration","The Apollotech B340 is an affordable wireless mouse with reliable connectivity, 12 months battery life and modern design","1090 AD","TV-PG",56,"Romance film,Thriller film","GLP",2
2079710446092288,"Mr Tambourine Man","Carbonite web goalkeeper gloves are ergonomically designed to give easy fit","776 BC","X18",103,"Thriller film,Adventure film","NRU",24
4599701909274624,"Tiger Rag","Ergonomic executive chair upholstered in bonded black leather and PVC padded seat and back for all-day comfort and support","1055 AD","U",197,"Musical film,Drama,Action film","SYC",9
4488879625207808,"The Girl From Ipanema","New range of formal shirts are designed keeping you in mind. With fits and styling that will make you stand apart","6295 BC","T",133,"Animated film,Comedy film,Adventure film","JEY",16
1604693809692672,"Baby Come Back","The slim & simple Maple Gaming Keyboard from Dev Byte comes with a sleek body and 7- Color RGB LED Back-lighting for smart functionality","2075 BC","12",74,"Romance film,Horror film,Drama","ABW",28
6488130637004800,"Lady Marmalade (Voulez-Vous Coucher Aver Moi Ce Soir?)","The beautiful range of Apple Naturalé that has an exciting mix of natural ingredients. With the Goodness of 100% Natural Ingredients","7656 BC","12A",79,"Thriller film","BIH",32
5471545361170432,"Baby Got Back","The automobile layout consists of a front-engine design, with transaxle-type transmissions mounted at the rear of the engine and four wheel drive","1602 AD","TV-14",96,"Historical film,Science fiction film,Western,Thriller film","UZB",24
3767146584735744,"Save the Last Dance For Me","The Apollotech B340 is an affordable wireless mouse with reliable connectivity, 12 months battery life and modern design","286 BC","R",106,"Romance film,Comedy film,Musical film","BFA",21
7976668624846848,"Harper Valley PTA","New range of formal shirts are designed keeping you in mind. With fits and styling that will make you stand apart","3470 BC","TV-PG",202,"Western","OMN",19
7363370613211136,"That's What Friends Are For","New ABC 13 9370, 13.3, 5th Gen CoreA5-8250U, 8GB RAM, 256GB SSD, power UHD Graphics, OS 10 Home, OS Office A & J 2016","60 AD","PG",180,"Western,Fantasy film,Historical film,Musical film","CZE",31
8127464609939456,"Sailing","The Football Is Good For Training And Recreational Purposes","3696 BC","TV-14",122,"Thriller film","GTM",26
883480512692224,"Jailhouse Rock","The slim & simple Maple Gaming Keyboard from Dev Byte comes with a sleek body and 7- Color RGB LED Back-lighting for smart functionality","945 BC","18",93,"Western,Noir film,Romance film","FLK",4
3901851466465280,"Purple Haze","New range of formal shirts are designed keeping you in mind. With fits and styling that will make you stand apart","3371 BC","9",150,"Noir film,Western,Musical film","LBR",11
7370014824857600,"Battle of New Orleans","Boston's most advanced compression wear technology increases muscle oxygenation, stabilizes active muscles","3098 BC","18R",207,"Historical film,Comedy film,Musical film,Fantasy film","ERI",23
7442060768444416,"I'm Your Boogie Man","The slim & simple Maple Gaming Keyboard from Dev Byte comes with a sleek body and 7- Color RGB LED Back-lighting for smart functionality","1780 AD","E10+",54,"Historical film,Romance film,Animated film,Horror film","LUX",15
6542531324018688,"You Don't Bring Me Flowers","New ABC 13 9370, 13.3, 5th Gen CoreA5-8250U, 8GB RAM, 256GB SSD, power UHD Graphics, OS 10 Home, OS Office A & J 2016","5121 BC","G",210,"Science fiction film,Adventure film","ALA",15
3147666875744256,"Third Man Theme","The Football Is Good For Training And Recreational Purposes","727 BC","CA",143,"Adventure film,Musical film,Comedy film","IND",21
6167987671269376,"Tonight's the Night (Gonna Be Alright)","The Football Is Good For Training And Recreational Purposes","1082 BC","E10+",178,"Romance film","VAT",17
2150808042864640,"King of the Road","New ABC 13 9370, 13.3, 5th Gen CoreA5-8250U, 8GB RAM, 256GB SSD, power UHD Graphics, OS 10 Home, OS Office A & J 2016","5815 BC","15",185,"Comedy film,Romance film,Historical film,Musical film","KIR",21
916140362563584,"My Man","New range of formal shirts are designed keeping you in mind. With fits and styling that will make you stand apart","1003 BC","TV-Y7",113,"Musical film,Adventure film,Horror film,Comedy film","IMN",10
1342385063723008,"Everybody Loves Somebody","Ergonomic executive chair upholstered in bonded black leather and PVC padded seat and back for all-day comfort and support","1555 AD","CA",219,"Musical film,Adventure film","KEN",28
5105892328472576,"Spill the Wine","The beautiful range of Apple Naturalé that has an exciting mix of natural ingredients. With the Goodness of 100% Natural Ingredients","6069 BC","PG",141,"Noir film,Historical film,Fantasy film,Action film","TTO",33
7739841831763968,"Ray of Light","New ABC 13 9370, 13.3, 5th Gen CoreA5-8250U, 8GB RAM, 256GB SSD, power UHD Graphics, OS 10 Home, OS Office A & J 2016","1505 AD","T",66,"Noir film,Musical film,Action film,Animated film","JEY",14
4356754081054720,"Minnie the Moocher","New range of formal shirts are designed keeping you in mind. With fits and styling that will make you stand apart","1430 AD","TV-Y7",81,"Animated film,Drama,Comedy film","GNQ",26
3470397032890368,"Baby Got Back","The slim & simple Maple Gaming Keyboard from Dev Byte comes with a sleek body and 7- Color RGB LED Back-lighting for smart functionality","13 BC","X18",161,"Fantasy film","SLV",19
2108281004752896,"My Heart Will Go On","Carbonite web goalkeeper gloves are ergonomically designed to give easy fit","1667 AD","U/A",54,"Science fiction film","UMI",16
7807979191533568,"I'll Take You There","Boston's most advanced compression wear technology increases muscle oxygenation, stabilizes active muscles","1397 BC","NC-17",119,"Western,Drama","DOM",10
2415829289271296,"I Will Follow Him","The automobile layout consists of a front-engine design, with transaxle-type transmissions mounted at the rear of the engine and four wheel drive","820 AD","CA",101,"Action film","TTO",27
2299515186970624,"Tutti Frutti","The Football Is Good For Training And Recreational Purposes","3143 BC","12",161,"Western,Comedy film","TON",2
2546246321438720,"Singing The Blues","New range of formal shirts are designed keeping you in mind. With fits and styling that will make you stand apart","3999 BC","M/PG",59,"Western,Comedy film,Historical film","GBR",21
3631613971791872,"Singing The Blues","New range of formal shirts are designed keeping you in mind. With fits and styling that will make you stand apart","4000 BC","TV-MA",177,"Adventure film","LIE",6
5888610561687552,"Let it Be","The automobile layout consists of a front-engine design, with transaxle-type transmissions mounted at the rear of the engine and four wheel drive","2806 BC","18R",144,"Adventure film,Comedy film,Science fiction film,Western","HRV",21
5573796605984768,"Girls Just Wanna Have Fun","The Football Is Good For Training And Recreational Purposes","3221 BC","12A",123,"Drama","MRT",3
3765592104370176,"Mrs Brown You've Got a Lovely Daughter","The slim & simple Maple Gaming Keyboard from Dev Byte comes with a sleek body and 7- Color RGB LED Back-lighting for smart functionality","3299 BC","9",76,"Science fiction film,Western","ALB",14
1445925169922048,"Down","New ABC 13 9370, 13.3, 5th Gen CoreA5-8250U, 8GB RAM, 256GB SSD, power UHD Graphics, OS 10 Home, OS Office A & J 2016","4379 BC","A",41,"Horror film,Fantasy film,Animated film","UGA",4
4809786312884224,"La Bamba","Carbonite web goalkeeper gloves are ergonomically designed to give easy fit","6653 BC","R21",191,"Comedy film","DOM",3
2860566188130304,"Hello Dolly","The beautiful range of Apple Naturalé that has an exciting mix of natural ingredients. With the Goodness of 100% Natural Ingredients","6147 BC","EC",134,"Action film,Adventure film","LAO",32
6179103268929536,"Be My Baby","The automobile layout consists of a front-engine design, with transaxle-type transmissions mounted at the rear of the engine and four wheel drive","1291 AD","EC",57,"Western,Noir film,Action film","BWA",23
4567447688445952,"Reach Out (I'll Be There)","New range of formal shirts are designed keeping you in mind. With fits and styling that will make you stand apart","2650 BC","9",192,"Adventure film,Science fiction film,Romance film,Drama","STP",33
6378554029768704,"West End Girls","Ergonomic executive chair upholstered in bonded black leather and PVC padded seat and back for all-day comfort and support","5982 BC","S",61,"Animated film,Western","PLW",5
6212458500849664,"Joy to the World","The Nagasaki Lander is the trademarked name of several series of Nagasaki sport bikes, that started with the 1984 ABC800J","2735 BC","PG",156,"Drama,Historical film","BGD",24
1167088655794176,"Hound Dog","The Apollotech B340 is an affordable wireless mouse with reliable connectivity, 12 months battery life and modern design","5906 BC","T",210,"Western,Fantasy film","GBR",28
6827316976025600,"Bye","The Football Is Good For Training And Recreational Purposes","3482 BC","PG-13",117,"Drama,Fantasy film,Noir film,Romance film","MEX",18
8290445505331200,"The Song From Moulin Rouge (Where Is Your Heart)","The Football Is Good For Training And Recreational Purposes","2993 BC","T",110,"Fantasy film,Adventure film,Science fiction film,Musical film","SOM",25
7172604129443840,"Return to Sender","The beautiful range of Apple Naturalé that has an exciting mix of natural ingredients. With the Goodness of 100% Natural Ingredients","6868 BC","R21",127,"Adventure film,Fantasy film","BFA",31
8454750154522624,"Big Girls Don't Cry","The beautiful range of Apple Naturalé that has an exciting mix of natural ingredients. With the Goodness of 100% Natural Ingredients","1095 AD","M",36,"Fantasy film,Science fiction film","MLT",9
8192123685830656,"Bad Moon Rising","The Nagasaki Lander is the trademarked name of several series of Nagasaki sport bikes, that started with the 1984 ABC800J","3393 BC","TV-Y",110,"Horror film","SWZ",32
4742090856595456,"Doo Wop (That Thing)","Ergonomic executive chair upholstered in bonded black leather and PVC padded seat and back for all-day comfort and support","7613 BC","TV-Y",56,"Musical film,Thriller film,Drama,Action film","NLD",15
3837368555536384,"(Put Another Nickel In) Music! Music! Music!","The Football Is Good For Training And Recreational Purposes","1687 AD","18R",220,"Animated film,Drama","GUM",12
7436668772548608,"All Shook Up","Carbonite web goalkeeper gloves are ergonomically designed to give easy fit","544 AD","S",157,"Science fiction film","QAT",3
7118767647621120,"You're Still the One","New range of formal shirts are designed keeping you in mind. With fits and styling that will make you stand apart","359 BC","U",123,"Drama,Western","MTQ",31
6597629425221632,"You Ain't Seen Nothin' Yet","New ABC 13 9370, 13.3, 5th Gen CoreA5-8250U, 8GB RAM, 256GB SSD, power UHD Graphics, OS 10 Home, OS Office A & J 2016","7539 BC","G",128,"Fantasy film","TCD",10
7220981447786496,"We Can Work it Out","Ergonomic executive chair upholstered in bonded black leather and PVC padded seat and back for all-day comfort and support","7542 BC","S",160,"Noir film,Horror film","FIN",30
1587786431856640,"Sir Duke","The Apollotech B340 is an affordable wireless mouse with reliable connectivity, 12 months battery life and modern design","656 AD","G",139,"Western,Historical film,Action film,Fantasy film","HND",15
6893939732774912,"I Only Have Eyes For You","The automobile layout consists of a front-engine design, with transaxle-type transmissions mounted at the rear of the engine and four wheel drive","1969 BC","9",192,"Noir film,Fantasy film","PRK",6
8852266152886272,"Slow Poke","The slim & simple Maple Gaming Keyboard from Dev Byte comes with a sleek body and 7- Color RGB LED Back-lighting for smart functionality","5717 BC","MA15+",186,"Western,Comedy film,Adventure film,Horror film","NIC",10
1016359408369664,"We Didn't Start the Fire","The beautiful range of Apple Naturalé that has an exciting mix of natural ingredients. With the Goodness of 100% Natural Ingredients","725 AD","R18",212,"Drama,Action film,Animated film","TKM",13
8698586319552512,"Spanish Harlem","Carbonite web goalkeeper gloves are ergonomically designed to give easy fit","153 AD","AL",200,"Animated film,Action film,Science fiction film","TCA",8
3223447930929152,"Tangerine","Andy shoes are designed to keeping in mind durability as well as trends, the most stylish range of shoes & sandals","2855 BC","GP",158,"Western","HRV",3
6375008144195584,"Endless Love","New ABC 13 9370, 13.3, 5th Gen CoreA5-8250U, 8GB RAM, 256GB SSD, power UHD Graphics, OS 10 Home, OS Office A & J 2016","385 AD","PG-13",111,"Science fiction film","WLF",2
4405085922656256,"Something","Andy shoes are designed to keeping in mind durability as well as trends, the most stylish range of shoes & sandals","1350 AD","R21",82,"Animated film,Science fiction film","SVN",27
990356271267840,"How Much is That Doggy in the Window?","The Nagasaki Lander is the trademarked name of several series of Nagasaki sport bikes, that started with the 1984 ABC800J","3850 BC","R18",186,"Thriller film,Drama,Western,Fantasy film","SGS",15
5464470004432896,"Stars & Stripes Forever","The slim & simple Maple Gaming Keyboard from Dev Byte comes with a sleek body and 7- Color RGB LED Back-lighting for smart functionality","3803 BC","GP",189,"Horror film,Fantasy film,Science fiction film","BGD",31
4673797934284800,"Pistol Packin' Mama","The beautiful range of Apple Naturalé that has an exciting mix of natural ingredients. With the Goodness of 100% Natural Ingredients","1366 BC","TV-G",161,"Historical film,Western,Horror film,Science fiction film","TCD",2
6692874431234048,"Buttons & Bows","Ergonomic executive chair upholstered in bonded black leather and PVC padded seat and back for all-day comfort and support","5504 BC","NC-17",39,"Comedy film","JEY",1
8707389754703872,"Let's Stay Together","The Football Is Good For Training And Recreational Purposes","5967 BC","R18",215,"Drama,Action film,Western,Fantasy film","PRT",17
3390454582214656,"Singing The Blues","Boston's most advanced compression wear technology increases muscle oxygenation, stabilizes active muscles","6706 BC","R",167,"Drama,Horror film,Fantasy film","HTI",3
5079877004820480,"When Doves Cry","The automobile layout consists of a front-engine design, with transaxle-type transmissions mounted at the rear of the engine and four wheel drive","7460 BC","PG",114,"Thriller film,Science fiction film,Historical film,Drama","CHN",22
7912412097282048,"Shadow Dancing","Carbonite web goalkeeper gloves are ergonomically designed to give easy fit","7241 BC","NC-17",217,"Western","TON",14
1384136107360256,"What's Going On?","The Football Is Good For Training And Recreational Purposes","7631 BC","PG-13",221,"Adventure film,Thriller film,Romance film","TKL",33
8404897124843520,"Down","The Football Is Good For Training And Recreational Purposes","1128 BC","R16",193,"Action film,Thriller film","ABW",19
2815001045762048,"Sugar Shack","The slim & simple Maple Gaming Keyboard from Dev Byte comes with a sleek body and 7- Color RGB LED Back-lighting for smart functionality","5056 BC","X18",176,"Western","NLD",31
6571463461044224,"Bye Bye Love","The automobile layout consists of a front-engine design, with transaxle-type transmissions mounted at the rear of the engine and four wheel drive","227 BC","M",75,"Noir film","AUS",30
5136405590179840,"Bad Romance","The slim & simple Maple Gaming Keyboard from Dev Byte comes with a sleek body and 7- Color RGB LED Back-lighting for smart functionality","2848 BC","R",177,"Action film,Romance film,Animated film,Historical film","JOR",23
6404796242198528,"Glamorous","The slim & simple Maple Gaming Keyboard from Dev Byte comes with a sleek body and 7- Color RGB LED Back-lighting for smart functionality","0 AD","M",121,"Noir film,Comedy film,Adventure film,Science fiction film","LCA",17
4880464145809408,"Ben","The Football Is Good For Training And Recreational Purposes","571 AD","R18+",64,"Historical film,Musical film","SXM",31
7376709145853952,"Escape (The Pina Colada Song)","The Nagasaki Lander is the trademarked name of several series of Nagasaki sport bikes, that started with the 1984 ABC800J","1986 AD","PG-13",101,"Historical film,Western","BEN",18
6769991309328384,"Peg o' My Heart","The slim & simple Maple Gaming Keyboard from Dev Byte comes with a sleek body and 7- Color RGB LED Back-lighting for smart functionality","478 BC","A",61,"Animated film,Romance film","MKD",27
8787304218886144,"Rhinestone Cowboy","The slim & simple Maple Gaming Keyboard from Dev Byte comes with a sleek body and 7- Color RGB LED Back-lighting for smart functionality","3138 BC","TV-14",131,"Horror film,Science fiction film,Fantasy film,Comedy film","ESH",17
7197427511590912,"I Love Rock 'n' Roll","Andy shoes are designed to keeping in mind durability as well as trends, the most stylish range of shoes & sandals","5567 BC","9",195,"Action film,Science fiction film","CHN",14
3750506627334144,"Three Times a Lady","Carbonite web goalkeeper gloves are ergonomically designed to give easy fit","3018 BC","CA",103,"Drama,Animated film,Musical film","JAM",31
901237912371200,"We Are Family","The Football Is Good For Training And Recreational Purposes","5574 BC","PG",153,"Comedy film","MCO",24
6479503381495808,"You Really Got Me","The beautiful range of Apple Naturalé that has an exciting mix of natural ingredients. With the Goodness of 100% Natural Ingredients","4481 BC","R18",62,"Animated film","EGY",3
8087936736165888,"Kiss Me","Andy shoes are designed to keeping in mind durability as well as trends, the most stylish range of shoes & sandals","1885 BC","TV-Y",137,"Historical film,Animated film","SJM",16
7055068102656000,"Georgy Girl","Ergonomic executive chair upholstered in bonded black leather and PVC padded seat and back for all-day comfort and support","253 AD","R21",104,"Action film","ALB",18
6957979282702336,"Save the Best For Last","New ABC 13 9370, 13.3, 5th Gen CoreA5-8250U, 8GB RAM, 256GB SSD, power UHD Graphics, OS 10 Home, OS Office A & J 2016","3663 BC","CA",155,"Action film","USA",31
6931383458988032,"Walk On the Wild Side","Andy shoes are designed to keeping in mind durability as well as trends, the most stylish range of shoes & sandals","3635 BC","C",134,"Historical film,Animated film","BFA",13
8379420282716160,"Alone","The beautiful range of Apple Naturalé that has an exciting mix of natural ingredients. With the Goodness of 100% Natural Ingredients","7463 BC","MA15+",135,"Historical film","PNG",21
3376081514004480,"Goodbye Yellow Brick Road","The Nagasaki Lander is the trademarked name of several series of Nagasaki sport bikes, that started with the 1984 ABC800J","5638 BC","TV-Y",118,"Fantasy film,Thriller film,Adventure film,Western","NAM",16
83286166601728,"(Sittin' On) the Dock of the Bay","Boston's most advanced compression wear technology increases muscle oxygenation, stabilizes active muscles","930 AD","9",44,"Action film,Adventure film,Fantasy film,Animated film","GAB",9
8214988994904064,"Yeah!","Andy shoes are designed to keeping in mind durability as well as trends, the most stylish range of shoes & sandals","980 AD","18",162,"Musical film,Action film","GNQ",17
5649185374208000,"I Believe I Can Fly","The automobile layout consists of a front-engine design, with transaxle-type transmissions mounted at the rear of the engine and four wheel drive","1881 BC","TV-MA",162,"Adventure film","VNM",12
8748287989383168,"Tonight's the Night (Gonna Be Alright)","The Nagasaki Lander is the trademarked name of several series of Nagasaki sport bikes, that started with the 1984 ABC800J","1073 AD","M/PG",46,"Thriller film,Comedy film","AGO",17
7186973391323136,"Good Lovin'","Ergonomic executive chair upholstered in bonded black leather and PVC padded seat and back for all-day comfort and support","5468 BC","S",202,"Noir film","IRL",31
2145279258132480,"Wipe Out","Carbonite web goalkeeper gloves are ergonomically designed to give easy fit","447 AD","12A",115,"Adventure film,Western,Noir film,Comedy film","AFG",6
3677020481388544,"Layla","The slim & simple Maple Gaming Keyboard from Dev Byte comes with a sleek body and 7- Color RGB LED Back-lighting for smart functionality","2627 BC","TV-PG",198,"Comedy film,Noir film","CYM",22
8754181905055744,"I Will Follow Him","New range of formal shirts are designed keeping you in mind. With fits and styling that will make you stand apart","1889 AD","9",129,"Noir film,Animated film,Western","SGS",21
3571021558841344,"Man in the Mirror","Ergonomic executive chair upholstered in bonded black leather and PVC padded seat and back for all-day comfort and support","6696 BC","9",133,"Science fiction film","IMN",27
8871882661036032,"Long Tall Sally","Ergonomic executive chair upholstered in bonded black leather and PVC padded seat and back for all-day comfort and support","1070 AD","TV-14",65,"Thriller film,Romance film,Horror film","TCD",30
7564025036537856,"Love's Theme","Boston's most advanced compression wear technology increases muscle oxygenation, stabilizes active muscles","642 AD","X18",43,"Drama,Historical film","MYT",24
6929326805090304,"Hungry Heart","The automobile layout consists of a front-engine design, with transaxle-type transmissions mounted at the rear of the engine and four wheel drive","5276 BC","CA",201,"Drama,Musical film","UKR",13
468887390912512,"Colors of the Wind","Boston's most advanced compression wear technology increases muscle oxygenation, stabilizes active muscles","5267 BC","C",59,"Fantasy film,Adventure film","YEM",13
1688091660124160,"Mr Tambourine Man","The Apollotech B340 is an affordable wireless mouse with reliable connectivity, 12 months battery life and modern design","346 BC","18",138,"Adventure film","SSD",22
2748279043391488,"The Christmas Song (Chestnuts Roasting On An Open Fire)","The slim & simple Maple Gaming Keyboard from Dev Byte comes with a sleek body and 7- Color RGB LED Back-lighting for smart functionality","1418 AD","EC",160,"Western","VIR",3
3753443875356672,"You Light Up My Life","Ergonomic executive chair upholstered in bonded black leather and PVC padded seat and back for all-day comfort and support","6117 BC","TV-Y7",99,"Historical film,Noir film,Adventure film","SYR",18
6268017474273280,"Raindrops Keep Falling On My Head","The Football Is Good For Training And Recreational Purposes","5156 BC","TV-Y",61,"Romance film,Science fiction film,Western","DNK",26
1116570493386752,"How Do I Live?","Carbonite web goalkeeper gloves are ergonomically designed to give easy fit","7891 BC","NC-17",169,"Historical film,Musical film,Adventure film","NIC",8
8825151160320000,"Without You","Ergonomic executive chair upholstered in bonded black leather and PVC padded seat and back for all-day comfort and support","4438 BC","TV-G",194,"Comedy film,Horror film,Romance film","STP",25